Date,Close,Log_Return,Vol_30D
2023-01-27 00:00:00-05:00,143.7611846923828,,
2023-01-30 00:00:00-05:00,140.8747100830078,-0.020282568821895747,
2023-01-31 00:00:00-05:00,142.1455535888672,0.00898064351078416,
2023-02-01 00:00:00-05:00,143.2686004638672,0.007869635440385435,
2023-02-02 00:00:00-05:00,148.57852172851562,0.03639239100827606,
2023-02-03 00:00:00-05:00,152.20382690429688,0.024107004685389885,
2023-02-06 00:00:00-05:00,149.47494506835938,-0.01809180175961019,
2023-02-07 00:00:00-05:00,152.3516082763672,0.01906227456421624,
2023-02-08 00:00:00-05:00,149.6621551513672,-0.017810606968911725,
2023-02-09 00:00:00-05:00,148.62774658203125,-0.006935620078450213,
2023-02-10 00:00:00-05:00,148.9927978515625,0.0024531334239377436,
2023-02-13 00:00:00-05:00,151.7948760986328,0.01863214189036923,
2023-02-14 00:00:00-05:00,151.15354919433594,-0.004233907878614037,
2023-02-15 00:00:00-05:00,153.25511169433594,0.013807727302610871,
2023-02-16 00:00:00-05:00,151.65673828125,-0.010484263266631,
2023-02-17 00:00:00-05:00,150.51226806640625,-0.007575070000114945,
2023-02-21 00:00:00-05:00,146.49659729003906,-0.02704239475990994,
2023-02-22 00:00:00-05:00,146.92088317871094,0.002892030725065643,
2023-02-23 00:00:00-05:00,147.40431213378906,0.003285001743039885,
2023-02-24 00:00:00-05:00,144.75027465820312,-0.018169220049028958,
2023-02-27 00:00:00-05:00,145.944091796875,0.008213601555393085,
2023-02-28 00:00:00-05:00,145.44093322753906,-0.0034535684831232716,
2023-03-01 00:00:00-05:00,143.36895751953125,-0.014348617017290706,
2023-03-02 00:00:00-05:00,143.9609375,0.004120565442962606,
2023-03-03 00:00:00-05:00,149.01255798339844,0.034488588746481474,
2023-03-06 00:00:00-05:00,151.775146484375,0.01836954199596376,
2023-03-07 00:00:00-05:00,149.574951171875,-0.014602513327409885,
2023-03-08 00:00:00-05:00,150.8279571533203,0.008342217823951774,
2023-03-09 00:00:00-05:00,148.57846069335938,-0.015026657104311435,
2023-03-10 00:00:00-05:00,146.51637268066406,-0.013975992424976822,
2023-03-13 00:00:00-04:00,148.4600372314453,0.013178631348781545,0.016606450174938836
2023-03-14 00:00:00-04:00,150.55169677734375,0.013990712914211379,0.01626204210072343
2023-03-15 00:00:00-04:00,150.9463653564453,0.0026180520149041518,0.016212170164308606
2023-03-16 00:00:00-04:00,153.7681884765625,0.018521621321561224,0.016459853687416735
2023-03-17 00:00:00-04:00,152.92953491210938,-0.005468939550518559,0.015201342632984902
2023-03-20 00:00:00-04:00,155.29750061035156,0.015365376906314794,0.014821425174226672
2023-03-21 00:00:00-04:00,157.15235900878906,0.011873138242497791,0.014520016884342707
2023-03-22 00:00:00-04:00,155.72174072265625,-0.009145073100303049,0.014265976071433283
2023-03-23 00:00:00-04:00,156.80703735351562,0.006945286767884417,0.01386698502256766
2023-03-24 00:00:00-04:00,158.10940551757812,0.008271245395407101,0.013823803349385513
2023-03-27 00:00:00-04:00,156.1656951904297,-0.012369641160323876,0.01407199064229867
2023-03-28 00:00:00-04:00,155.54412841796875,-0.003988116826760569,0.013727904625407857
2023-03-29 00:00:00-04:00,158.6224822998047,0.019597578483542575,0.014109972631744011
2023-03-30 00:00:00-04:00,160.19122314453125,0.009841192388161207,0.014009939510123796
2023-03-31 00:00:00-04:00,162.697265625,0.015522961574987044,0.014048959113553125
2023-04-03 00:00:00-04:00,163.9503173828125,0.0076722312947438325,0.013953279591699194
2023-04-04 00:00:00-04:00,163.41754150390625,-0.003254909330986751,0.012826359737374999
2023-04-05 00:00:00-04:00,161.57252502441406,-0.011354416590100279,0.013115610995071355
2023-04-06 00:00:00-04:00,162.4604949951172,0.005480751273016914,0.013122407539975484
2023-04-10 00:00:00-04:00,159.86558532714844,-0.01610149403825318,0.013011027568545597
2023-04-11 00:00:00-04:00,158.6520538330078,-0.0076199068227802945,0.013125920468711215
2023-04-12 00:00:00-04:00,157.96139526367188,-0.00436279423255179,0.013141857160995567
2023-04-13 00:00:00-04:00,163.34844970703125,0.033534977982490534,0.013880289576773135
2023-04-14 00:00:00-04:00,163.0031280517578,-0.0021162562566604,0.013930441828943933
2023-04-17 00:00:00-04:00,163.02288818359375,0.00012121812908250439,0.012708217643942027
2023-04-18 00:00:00-04:00,164.24632263183594,0.007476659013524876,0.01240581887613565
2023-04-19 00:00:00-04:00,165.3908233642578,0.006944031309968097,0.011990377899929778
2023-04-20 00:00:00-04:00,164.4239044189453,-0.005863423516659664,0.012066706725070557
2023-04-21 00:00:00-04:00,162.81565856933594,-0.009829244258630333,0.011835896409254438
2023-04-24 00:00:00-04:00,163.1215362548828,0.0018769123634834785,0.011395210224018668
2023-04-25 00:00:00-04:00,161.58238220214844,-0.009480425047516046,0.01148753044984769
2023-04-26 00:00:00-04:00,161.57252502441406,-6.1005898514921736e-05,0.011301455540130095
2023-04-27 00:00:00-04:00,166.16041564941406,0.027999567846828832,0.012233459942669566
2023-04-28 00:00:00-04:00,167.4134063720703,0.007512559637559766,0.011919118505602008
2023-05-01 00:00:00-04:00,167.32461547851562,-0.0005305097708725322,0.01183429318909069
2023-05-02 00:00:00-04:00,166.2886962890625,-0.006210318847361567,0.01171179045700487
2023-05-03 00:00:00-04:00,165.2132110595703,-0.0064885841014098835,0.011672861672247346
2023-05-04 00:00:00-04:00,163.5753936767578,-0.00996282052586188,0.011699904806488361
2023-05-05 00:00:00-04:00,171.25149536132812,0.04585920168333369,0.014198654779321893
2023-05-08 00:00:00-04:00,171.18240356445312,-0.00040353363396154003,0.014174592255687964
2023-05-09 00:00:00-04:00,169.4755096435547,-0.01002124500452028,0.014095057719434487
2023-05-10 00:00:00-04:00,171.2416229248047,0.010367128215748736,0.014102918397587674
2023-05-11 00:00:00-04:00,171.42906188964844,0.0010939890212047327,0.013761764945798899
2023-05-12 00:00:00-04:00,170.50035095214844,-0.005432192647809805,0.013766701970920957
2023-05-15 00:00:00-04:00,170.00634765625,-0.0029015795842404425,0.013555619689501891
2023-05-16 00:00:00-04:00,170.00634765625,0.0,0.013506756357214393
2023-05-17 00:00:00-04:00,170.61888122558594,0.0035965288396733477,0.013486582798207549
2023-05-18 00:00:00-04:00,172.95059204101562,0.013573654221824839,0.01343912337248918
2023-05-19 00:00:00-04:00,173.05926513671875,0.0006281503085653182,0.013428324820922571
2023-05-22 00:00:00-04:00,172.1107940673828,-0.005495687886206584,0.013067183287058868
2023-05-23 00:00:00-04:00,169.50241088867188,-0.015271270740102602,0.013342480335698648
2023-05-24 00:00:00-04:00,169.77908325195312,0.0016309314205871753,0.01328549420611376
2023-05-25 00:00:00-04:00,170.91531372070312,0.006670110758811777,0.011953472975379922
2023-05-26 00:00:00-04:00,173.32601928710938,0.014006133165808888,0.012145721480758931
2023-05-30 00:00:00-04:00,175.17359924316406,0.010603152299632016,0.012238827755009616
2023-05-31 00:00:00-04:00,175.12420654296875,-0.00028200405316151705,0.01220971043797551
2023-06-01 00:00:00-04:00,177.9301300048828,0.015895471327306312,0.012438455410020957
2023-06-02 00:00:00-04:00,178.7798309326172,0.004764108816138397,0.01234492093365991
2023-06-05 00:00:00-04:00,177.42626953125,-0.007599914288910269,0.012272837088223522
2023-06-06 00:00:00-04:00,177.06072998046875,-0.002062358737262028,0.012304800181107562
2023-06-07 00:00:00-04:00,175.6873779296875,-0.007786627108792296,0.0122505924862153
2023-06-08 00:00:00-04:00,178.40440368652344,0.015346750331257911,0.012448338937050038
2023-06-09 00:00:00-04:00,178.78973388671875,0.0021575401673082357,0.011541558401730713
2023-06-12 00:00:00-04:00,181.58580017089844,0.015517825868378063,0.011753432032079823
2023-06-13 00:00:00-04:00,181.11151123046875,-0.0026153445083057954,0.011779379996560075
2023-06-14 00:00:00-04:00,181.74383544921875,0.003485272379821119,0.011660613929825788
2023-06-15 00:00:00-04:00,183.7791290283203,0.011136452763370525,0.0116119230981935
2023-06-16 00:00:00-04:00,182.70223999023438,-0.005876927061578054,0.011471074157121723
2023-06-20 00:00:00-04:00,182.7911376953125,0.0004864531740305755,0.008260890933287536
2023-06-21 00:00:00-04:00,181.7537384033203,-0.005691491832077071,0.008373427316981121
2023-06-22 00:00:00-04:00,184.7572479248047,0.01639010491185817,0.008454263635692363
2023-06-23 00:00:00-04:00,184.4411163330078,-0.0017125301716538533,0.008372533255485213
2023-06-26 00:00:00-04:00,183.04803466796875,-0.007581656951101875,0.008569398366648806
2023-06-27 00:00:00-04:00,185.80455017089844,0.014946712774389918,0.008750487575243028
2023-06-28 00:00:00-04:00,186.98028564453125,0.006307871239058238,0.008702611287189348
2023-06-29 00:00:00-04:00,187.3162078857422,0.0017949531305181392,0.008686204371736788
2023-06-30 00:00:00-04:00,191.6436767578125,0.022839657517667814,0.009395588284512448
2023-07-03 00:00:00-04:00,190.15179443359375,-0.007815126317575442,0.009445520125201588
2023-07-05 00:00:00-04:00,189.0353546142578,-0.0058886122499327755,0.009579749542821408
2023-07-06 00:00:00-04:00,189.5095977783203,0.0025056121296924256,0.009447161511973187
2023-07-07 00:00:00-04:00,188.39312744140625,-0.0059087882185175165,0.008957542071981968
2023-07-10 00:00:00-04:00,186.34799194335938,-0.010915032787435684,0.0093338417068367
2023-07-11 00:00:00-04:00,185.82432556152344,-0.00281410896399801,0.009369437731247519
2023-07-12 00:00:00-04:00,187.49404907226562,0.008945365448874067,0.00920460021281426
2023-07-13 00:00:00-04:00,188.2548065185547,0.004049292363589826,0.009085577394816887
2023-07-14 00:00:00-04:00,188.40301513671875,0.0007869669354628967,0.009076785609212655
2023-07-17 00:00:00-04:00,191.6634521484375,0.017157614664544466,0.009143997236811049
2023-07-18 00:00:00-04:00,191.40655517578125,-0.0013412535894574544,0.009159298747162224
2023-07-19 00:00:00-04:00,192.7601318359375,0.007046848710465175,0.009003832019229097
2023-07-20 00:00:00-04:00,190.81375122070312,-0.010148747905648866,0.00927036621814614
2023-07-21 00:00:00-04:00,189.6380615234375,-0.006180511698816306,0.00921341315768134
2023-07-24 00:00:00-04:00,190.43833923339844,0.004211147501019765,0.008898906812468316
2023-07-25 00:00:00-04:00,191.29786682128906,0.004503261817000894,0.008909040001704971
2023-07-26 00:00:00-04:00,192.1673126220703,0.004534687044798543,0.00856418209876574
2023-07-27 00:00:00-04:00,190.90267944335938,-0.0066026459874288,0.008666804977183938
2023-07-28 00:00:00-04:00,193.48138427734375,0.013417536075690429,0.008921156115385562
2023-07-31 00:00:00-04:00,194.0939178466797,0.0031608519736086396,0.0087595262203818
2023-08-01 00:00:00-04:00,193.26402282714844,-0.0042849065536435405,0.008716001150654604
2023-08-02 00:00:00-04:00,190.27035522460938,-0.015611264975991709,0.009281499864289467
2023-08-03 00:00:00-04:00,188.87725830078125,-0.007348605890135853,0.009329575820979685
2023-08-04 00:00:00-04:00,179.80735778808594,-0.049211333840925214,0.012733328409609989
2023-08-07 00:00:00-04:00,176.70501708984375,-0.017404271082571372,0.013085067840726505
2023-08-08 00:00:00-04:00,177.6436309814453,0.005297698139614758,0.013087499380803105
2023-08-09 00:00:00-04:00,176.0529327392578,-0.008994766305719987,0.012808615080245497
2023-08-10 00:00:00-04:00,175.83555603027344,-0.0012354864883207667,0.012717741203737499
2023-08-11 00:00:00-04:00,175.89492797851562,0.0003375991078703286,0.012705331408131055
2023-08-14 00:00:00-04:00,177.54714965820312,0.009349388878219084,0.012012139598904613
2023-08-15 00:00:00-04:00,175.55856323242188,-0.011263524644153968,0.012080596629426328
2023-08-16 00:00:00-04:00,174.68792724609375,-0.004971571754486213,0.012073307811442448
2023-08-17 00:00:00-04:00,172.1453399658203,-0.014661989316739111,0.012227315956350446
2023-08-18 00:00:00-04:00,172.630126953125,0.002812191430721642,0.012264389998648543
2023-08-21 00:00:00-04:00,173.96571350097656,0.007706919718779195,0.012316544216536334
2023-08-22 00:00:00-04:00,175.34091186523438,0.007873915748571901,0.012454723982298284
2023-08-23 00:00:00-04:00,179.18943786621094,0.02171141162357385,0.013043480394945031
2023-08-24 00:00:00-04:00,174.49996948242188,-0.02651899156840621,0.013768064506612228
2023-08-25 00:00:00-04:00,176.70619201660156,0.012563854493818371,0.014031252428583552
2023-08-28 00:00:00-04:00,178.2693634033203,0.008807262737741536,0.01371455824832174
2023-08-29 00:00:00-04:00,182.15744018554688,0.021575685107875872,0.014397642027449751
2023-08-30 00:00:00-04:00,185.64984130859375,0.018990956738580173,0.014805814200745553
2023-08-31 00:00:00-04:00,185.8674774169922,0.0011716069336421787,0.014715251597270917
2023-09-01 00:00:00-04:00,187.4405517578125,0.008427805077218778,0.01477522867207223
2023-09-05 00:00:00-04:00,187.67796325683594,0.0012657947886857207,0.014753380369551029
2023-09-06 00:00:00-04:00,180.96035766601562,-0.03644954377620902,0.016108176259700686
2023-09-07 00:00:00-04:00,175.66738891601562,-0.029685617516815505,0.01683554061238198
2023-09-08 00:00:00-04:00,176.28077697753906,0.003485676255867361,0.016861676500097924
2023-09-11 00:00:00-04:00,177.4481964111328,0.006600667516696159,0.01668257777988184
2023-09-12 00:00:00-04:00,174.4208221435547,-0.017207817740664984,0.0168418294736181
2023-09-13 00:00:00-04:00,172.3531036376953,-0.011925596810827718,0.016910764577404543
2023-09-14 00:00:00-04:00,173.86680603027344,0.008744222936257961,0.016909653031246617
2023-09-15 00:00:00-04:00,173.1445770263672,-0.004162572653285107,0.016891428838063105
2023-09-18 00:00:00-04:00,176.07301330566406,0.01677180649479809,0.014822251548505585
2023-09-19 00:00:00-04:00,177.16131591796875,0.006161949537753399,0.014527971317099445
2023-09-20 00:00:00-04:00,173.6194610595703,-0.020194808056864404,0.014951971236855405
2023-09-21 00:00:00-04:00,172.07608032226562,-0.008929192350365866,0.014950731215965886
2023-09-22 00:00:00-04:00,172.92691040039062,0.004932315521321236,0.014986355401100684
2023-09-25 00:00:00-04:00,174.20315551757812,0.00735315659990106,0.015055357995356638
2023-09-26 00:00:00-04:00,170.1270751953125,-0.02367651963243623,0.015523931378951455
2023-09-27 00:00:00-04:00,168.61337280273438,-0.008937299794775769,0.015478828033898056
2023-09-28 00:00:00-04:00,168.87062072753906,0.001524504744278577,0.015471788570167885
2023-09-29 00:00:00-04:00,169.38507080078125,0.0030417845599471733,0.015274178260527203
2023-10-02 00:00:00-04:00,171.8979949951172,0.014726600065606147,0.015517272937806397
2023-10-03 00:00:00-04:00,170.56239318847656,-0.007800076297007371,0.015505085177162852
2023-10-04 00:00:00-04:00,171.8089599609375,0.007281989392524539,0.015494225639650775
2023-10-05 00:00:00-04:00,173.04562377929688,0.007172119367155691,0.01498889630614274
2023-10-06 00:00:00-04:00,175.59812927246094,0.014642746801324375,0.014462505229569296
2023-10-09 00:00:00-04:00,177.08216857910156,0.008415826314849202,0.014359779385152252
2023-10-10 00:00:00-04:00,176.48854064941406,-0.0033579053466941144,0.014276086845700994
2023-10-11 00:00:00-04:00,177.88352966308594,0.00787305962426251,0.013760811147288625
2023-10-12 00:00:00-04:00,178.78382873535156,0.005048406943789912,0.01329728949315863
2023-10-13 00:00:00-04:00,176.9436492919922,-0.010346099031798478,0.013390720235316383
2023-10-16 00:00:00-04:00,176.81504821777344,-0.0007270553673393782,0.013257018597154691
2023-10-17 00:00:00-04:00,175.26174926757812,-0.008823694371710352,0.013300656795589026
2023-10-18 00:00:00-04:00,173.96571350097656,-0.0074223356108414585,0.011687316266799098
2023-10-19 00:00:00-04:00,173.58978271484375,-0.002163285787926508,0.01039185747933514
2023-10-20 00:00:00-04:00,171.03729248046875,-0.014813327758209403,0.010688923109007141
2023-10-23 00:00:00-04:00,171.15599060058594,0.0006937490052938728,0.010597978774958232
2023-10-24 00:00:00-04:00,171.59132385253906,0.0025402590637076156,0.01017446650241747
2023-10-25 00:00:00-04:00,169.2762451171875,-0.013583658542930949,0.010242692434264386
2023-10-26 00:00:00-04:00,165.11111450195312,-0.024913298454613972,0.010999217532638507
2023-10-27 00:00:00-04:00,166.4269561767578,0.007937843043472939,0.01112776128357607
2023-10-30 00:00:00-04:00,168.47488403320312,0.01223017097798284,0.010901755849476657
2023-10-31 00:00:00-04:00,168.9497833251953,0.0028148481809401917,0.010837892143010803
2023-11-01 00:00:00-04:00,172.1156463623047,0.01856508276993668,0.01085281757597144
2023-11-02 00:00:00-04:00,175.67726135253906,0.02048195590882968,0.011361958735118945
2023-11-03 00:00:00-04:00,174.76707458496094,-0.005194484377942066,0.011382001224563627
2023-11-06 00:00:00-05:00,177.31959533691406,0.014499642786533234,0.01160614263259242
2023-11-07 00:00:00-05:00,179.88198852539062,0.014347288806540256,0.01092055833496496
2023-11-08 00:00:00-05:00,180.94058227539062,0.005867686075778733,0.010749044719921105
2023-11-09 00:00:00-05:00,180.46571350097656,-0.00262789582386462,0.010786736540701697
2023-11-10 00:00:00-05:00,184.65611267089844,0.022954438017905164,0.011432766420827255
2023-11-13 00:00:00-05:00,183.07107543945312,-0.00862077702739982,0.01139293283729846
2023-11-14 00:00:00-05:00,185.6864013671875,0.01418476881990181,0.011441194332196867
2023-11-15 00:00:00-05:00,186.2510528564453,0.003036273527374948,0.011410468286156139
2023-11-16 00:00:00-05:00,187.9351806640625,0.009001609512384896,0.011440096990605596
2023-11-17 00:00:00-05:00,187.9153289794922,-0.0001056360658263006,0.011226364643194766
2023-11-20 00:00:00-05:00,189.6588897705078,0.009235658039369387,0.011242852428222934
2023-11-21 00:00:00-05:00,188.85646057128906,-0.004239883009095325,0.011259263925561615
2023-11-22 00:00:00-05:00,189.52017211914062,0.003508209393656894,0.01121230272037188
2023-11-24 00:00:00-05:00,188.19271850585938,-0.00702893182393111,0.01131954902843153
2023-11-27 00:00:00-05:00,188.01438903808594,-0.0009480388730250474,0.011102363620889833
2023-11-28 00:00:00-05:00,188.6186981201172,0.0032090096235346402,0.01109199772887218
2023-11-29 00:00:00-05:00,187.5983428955078,-0.0054243036077553965,0.010992905197676966
2023-11-30 00:00:00-05:00,188.17291259765625,0.0030580846274149837,0.01083981713481874
2023-12-01 00:00:00-05:00,189.45083618164062,0.006768263206536471,0.010826650280333864
2023-12-04 00:00:00-05:00,187.65777587890625,-0.009509588261371995,0.010567384612332396
2023-12-05 00:00:00-05:00,191.6104278564453,0.02084432626769468,0.01103959428930885
2023-12-06 00:00:00-05:00,190.52073669433594,-0.005703246512696065,0.011172866727291848
2023-12-07 00:00:00-05:00,192.45249938964844,0.010088324179960738,0.010753653785172424
2023-12-08 00:00:00-05:00,193.8790283203125,0.007385032345322519,0.009240817792271068
2023-12-11 00:00:00-05:00,191.3726806640625,-0.013011664627572684,0.009812684831795458
2023-12-12 00:00:00-05:00,192.88836669921875,0.007888876097096553,0.009728780501123595
2023-12-13 00:00:00-05:00,196.10797119140625,0.016553770305093272,0.009966651340728725
2023-12-14 00:00:00-05:00,196.25657653808594,0.0007574861421362607,0.009654364317882878
2023-12-15 00:00:00-05:00,195.72161865234375,-0.0027295304914445205,0.009240254250339966
2023-12-18 00:00:00-05:00,194.0573272705078,-0.008539719825924962,0.009369343747475896
2023-12-19 00:00:00-05:00,195.0975341796875,0.005345991992474229,0.009144798171547674
2023-12-20 00:00:00-05:00,193.00723266601562,-0.010771945642068933,0.009237018636809842
2023-12-21 00:00:00-05:00,192.85865783691406,-0.0007700853591924298,0.009229287295913673
2023-12-22 00:00:00-05:00,191.7887725830078,-0.00556295416731894,0.009296732185917282
2023-12-26 00:00:00-05:00,191.24391174316406,-0.002844985452394151,0.008448861555336341
2023-12-27 00:00:00-05:00,191.3429718017578,0.0005178434759163038,0.008246053500860056
2023-12-28 00:00:00-05:00,191.76893615722656,0.002223708123647368,0.007891795285752493
2023-12-29 00:00:00-05:00,190.72874450683594,-0.005438956977993495,0.007970447742595593
2024-01-02 00:00:00-05:00,183.90322875976562,-0.03644254419332908,0.01032652711631849
2024-01-03 00:00:00-05:00,182.52622985839844,-0.007515800658941268,0.010399618074173876
2024-01-04 00:00:00-05:00,180.2081298828125,-0.012781427903151765,0.01043140008839
2024-01-05 00:00:00-05:00,179.4849395751953,-0.004021157723100269,0.01042964272101547
2024-01-08 00:00:00-05:00,183.82398986816406,0.023887420673653004,0.011398958703260586
2024-01-09 00:00:00-05:00,183.40789794921875,-0.0022661000354747816,0.011345384056297382
2024-01-10 00:00:00-05:00,184.4480743408203,0.005655361023305351,0.01140747310353424
2024-01-11 00:00:00-05:00,183.8536834716797,-0.0032277412343440066,0.011393138500821413
2024-01-12 00:00:00-05:00,184.1806182861328,0.001776654506871416,0.01136933721863719
2024-01-16 00:00:00-05:00,181.91201782226562,-0.012393745620926235,0.011545931228233755
2024-01-17 00:00:00-05:00,180.97091674804688,-0.005186814228151181,0.011470062481149498
2024-01-18 00:00:00-05:00,186.865234375,0.03205134784915356,0.012894088244666937
2024-01-19 00:00:00-05:00,189.76783752441406,0.015413732001870087,0.012624619813355798
2024-01-22 00:00:00-05:00,192.0760498046875,0.01208996908024534,0.012780101751572346
2024-01-23 00:00:00-05:00,193.3539581298828,0.006631102828092592,0.012703884476699134
2024-01-24 00:00:00-05:00,192.68032836914062,-0.003490003183874343,0.012645510276016564
2024-01-25 00:00:00-05:00,192.35340881347656,-0.0016981350082031085,0.012417104985481242
2024-01-26 00:00:00-05:00,190.61978149414062,-0.009053579754015578,0.012439215879688596
2024-01-29 00:00:00-05:00,189.93624877929688,-0.003592288102271662,0.0120297726075333
2024-01-30 00:00:00-05:00,186.28077697753906,-0.01943339399111792,0.012480603740321755
2024-01-31 00:00:00-05:00,182.67481994628906,-0.01954745709885685,0.012897384148489798
2024-02-01 00:00:00-05:00,185.11180114746094,0.013252341044721078,0.013145110092747068
2024-02-02 00:00:00-05:00,184.1112823486328,-0.005419602904009686,0.013096566649261607
2024-02-05 00:00:00-05:00,185.9241180419922,0.00979825278866723,0.013156131904460787
2024-02-06 00:00:00-05:00,187.52899169921875,0.008594832897845775,0.013278356963129121
2024-02-07 00:00:00-05:00,187.63795471191406,0.0005808774829525946,0.013251856407012437
2024-02-08 00:00:00-05:00,186.5581512451172,-0.005771339930119468,0.013278709413615088
2024-02-09 00:00:00-05:00,187.32191467285156,0.0040856122578681745,0.013307114567268179
2024-02-12 00:00:00-05:00,185.63565063476562,-0.00904272059624509,0.013380302124937354
2024-02-13 00:00:00-05:00,183.54273986816406,-0.011338329880880332,0.013489425472229859
2024-02-14 00:00:00-05:00,182.6599578857422,-0.004821284484478822,0.011773420231512633
2024-02-15 00:00:00-05:00,182.37229919433594,-0.0015760730476410893,0.011696294932604682
2024-02-16 00:00:00-05:00,180.83482360839844,-0.008466159789963764,0.01155978328814991
2024-02-20 00:00:00-05:00,180.09092712402344,-0.004122163831409066,0.01156104437211976
2024-02-21 00:00:00-05:00,180.84478759765625,0.004177262260801278,0.010690625291342742
2024-02-22 00:00:00-05:00,182.87815856933594,0.011180994636123279,0.010895893809937033
2024-02-23 00:00:00-05:00,181.0431671142578,-0.010084635755482813,0.010987952474679612
2024-02-26 00:00:00-05:00,179.69415283203125,-0.007479240412210374,0.011049972750928463
2024-02-27 00:00:00-05:00,181.15225219726562,0.00808159527640756,0.011159354285047662
2024-02-28 00:00:00-05:00,179.9520263671875,-0.006647554854107441,0.010997240996205911
2024-02-29 00:00:00-05:00,179.2874755859375,-0.00369976873747837,0.01097807445442949
2024-03-01 00:00:00-05:00,178.20628356933594,-0.006048750700730353,0.009157996802538369
2024-03-04 00:00:00-05:00,173.68316650390625,-0.025709018514945045,0.009593686230908305
2024-03-05 00:00:00-05:00,168.74346923828125,-0.028853129038390917,0.010268518601372671
2024-03-06 00:00:00-05:00,167.75155639648438,-0.005895574313366355,0.01006055911041568
2024-03-07 00:00:00-05:00,167.63253784179688,-0.0007097448073915754,0.010085194844264336
2024-03-08 00:00:00-05:00,169.3485565185547,0.010184746496872173,0.010432180583839273
2024-03-11 00:00:00-04:00,171.35218811035156,0.011761962499301195,0.010787563047606181
2024-03-12 00:00:00-04:00,171.8283233642578,0.0027748403157864844,0.010849201170341393
2024-03-13 00:00:00-04:00,169.7453155517578,-0.012196688487219862,0.010555508766189154
2024-03-14 00:00:00-04:00,171.6001739501953,0.010868030851584803,0.010380361302168122
2024-03-15 00:00:00-04:00,171.22323608398438,-0.0021990214616308314,0.009968287294395934
2024-03-18 00:00:00-04:00,172.31434631347656,0.006352224352292656,0.010084474784789115
2024-03-19 00:00:00-04:00,174.65524291992188,0.013493586744049458,0.010257263062829251
2024-03-20 00:00:00-04:00,177.22427368164062,0.01460202306497408,0.010527986989999358
2024-03-21 00:00:00-04:00,169.9833526611328,-0.04171550671631379,0.012778166327354588
2024-03-22 00:00:00-04:00,170.88601684570312,0.0052962593610575825,0.012863651322836974
2024-03-25 00:00:00-04:00,169.4675750732422,-0.008335155075746238,0.01283007503623857
2024-03-26 00:00:00-04:00,168.3367919921875,-0.006694924133391388,0.012801211590162613
2024-03-27 00:00:00-04:00,171.9076690673828,0.020990838048399824,0.013442477023055635
2024-03-28 00:00:00-04:00,170.0924530029297,-0.010615394516878181,0.013523072404535787
2024-04-01 00:00:00-04:00,168.65420532226562,-0.008491634014497493,0.013567832332418721
2024-04-02 00:00:00-04:00,167.47384643554688,-0.007023298010847121,0.01354888938169671
2024-04-03 00:00:00-04:00,168.2772674560547,0.004785822120821301,0.01361091061117039
2024-04-04 00:00:00-04:00,167.4539794921875,-0.004904456297170437,0.013563675773272558
2024-04-05 00:00:00-04:00,168.20782470703125,0.004491702498403814,0.013383710512296003
2024-04-08 00:00:00-04:00,167.0869903564453,-0.006685689579383226,0.013334100617099148
2024-04-09 00:00:00-04:00,168.297119140625,0.007216406511316796,0.013421137354906257
2024-04-10 00:00:00-04:00,166.4224090576172,-0.011201794507228113,0.013374212620614513
2024-04-11 00:00:00-04:00,173.62367248535156,0.042360966035219445,0.01568494492600339
2024-04-12 00:00:00-04:00,175.1214599609375,0.008589634924468164,0.01577743638990215
2024-04-15 00:00:00-04:00,171.29266357421875,-0.022106213622119883,0.016228149070548873
2024-04-16 00:00:00-04:00,168.00946044921875,-0.01935328645940378,0.015937644718875772
2024-04-17 00:00:00-04:00,166.640625,-0.008180742469738175,0.015122711503832879
2024-04-18 00:00:00-04:00,165.68838500976562,-0.005730722071249099,0.015120682323679578
2024-04-19 00:00:00-04:00,163.66490173339844,-0.012287770112586846,0.015275494391098678
2024-04-22 00:00:00-04:00,164.49810791015625,0.005078012711414782,0.015177017720135869
2024-04-23 00:00:00-04:00,165.5495147705078,0.0063712649008500575,0.015052495687644699
2024-04-24 00:00:00-04:00,167.65237426757812,0.012622301887126255,0.01524711199604749
2024-04-25 00:00:00-04:00,168.51535034179688,0.005134210733050518,0.015129069539815526
2024-04-26 00:00:00-04:00,167.93011474609375,-0.0034789363905315743,0.0149918893137659
2024-04-29 00:00:00-04:00,172.09613037109375,0.02450530899091691,0.015678161789223172
2024-04-30 00:00:00-04:00,168.9517822265625,-0.0184398562498463,0.01599130349594866
2024-05-01 00:00:00-04:00,167.93011474609375,-0.006065452741070657,0.015791962254150922
2024-05-02 00:00:00-04:00,171.6299285888672,0.02179267166855555,0.016093474013991655
2024-05-03 00:00:00-04:00,181.8961944580078,0.058095583366342435,0.01764327332139873
2024-05-06 00:00:00-04:00,180.2397003173828,-0.009148530802657668,0.017754248048372376
2024-05-07 00:00:00-04:00,180.9241180419922,0.003790072588130824,0.017653853668476882
2024-05-08 00:00:00-04:00,181.2613525390625,0.0018622204473649686,0.017574457004051254
2024-05-09 00:00:00-04:00,183.0765838623047,0.009964629877720397,0.0172866172185423
2024-05-10 00:00:00-04:00,181.81512451171875,-0.006914184932521426,0.017205770504887207
2024-05-13 00:00:00-04:00,185.02334594726562,0.017491640009248566,0.01730159808419213
2024-05-14 00:00:00-04:00,186.16555786132812,0.006154362415249318,0.017203043955859365
2024-05-15 00:00:00-04:00,188.44012451171875,0.012143940740276533,0.017273918577672846
2024-05-16 00:00:00-04:00,188.55929565429688,0.0006322086463417709,0.017207468816850716
2024-05-17 00:00:00-04:00,188.58909606933594,0.00015803018522711395,0.017221008626322098
2024-05-20 00:00:00-04:00,189.75120544433594,0.006143215645253517,0.017110260342066048
2024-05-21 00:00:00-04:00,191.0523681640625,0.00683380027752496,0.017108107741338533
2024-05-22 00:00:00-04:00,189.61215209960938,-0.007566888216509346,0.017007644578845134
2024-05-23 00:00:00-04:00,185.61927795410156,-0.021282997874052155,0.01604469189590109
2024-05-24 00:00:00-04:00,188.69834899902344,0.016452019748132367,0.016215510659493015
2024-05-28 00:00:00-04:00,188.7083282470703,5.288326174834187e-05,0.015547461854791037
2024-05-29 00:00:00-04:00,189.0062713623047,0.0015776100650450318,0.014957646808977359
2024-05-30 00:00:00-04:00,189.99951171875,0.005241305935594054,0.014782765470906607
2024-05-31 00:00:00-04:00,190.95306396484375,0.00500615718817319,0.01465917772459699
2024-06-03 00:00:00-04:00,192.72105407714844,0.009216168322235208,0.014320149154789569
2024-06-04 00:00:00-04:00,193.03890991210938,0.0016479465811228594,0.014336883805273747
2024-06-05 00:00:00-04:00,194.5486297607422,0.007790381937014358,0.01434276728253172
2024-06-06 00:00:00-04:00,193.16799926757812,-0.007121883486013924,0.014451585660068786
2024-06-07 00:00:00-04:00,195.56175231933594,0.012315925392128287,0.014517975075759899
2024-06-10 00:00:00-04:00,191.8171844482422,-0.019333444091231413,0.015112230151092613
2024-06-11 00:00:00-04:00,205.7525177001953,0.07013132207898205,0.018998159258008587
2024-06-12 00:00:00-04:00,211.63259887695312,0.028177670904808536,0.018839943320493054
2024-06-13 00:00:00-04:00,212.79469299316406,0.0054760711315230545,0.018670289506675444
2024-06-14 00:00:00-04:00,211.0565185546875,-0.008201860157993191,0.018703352092782573
2024-06-17 00:00:00-04:00,215.2083282470703,0.019480569515039663,0.016222241534212638
2024-06-18 00:00:00-04:00,212.84437561035156,-0.011045259840411898,0.016285300785541117
2024-06-20 00:00:00-04:00,208.2655029296875,-0.02174754561506213,0.017030453345242003
2024-06-21 00:00:00-04:00,206.09027099609375,-0.0104994405931007,0.017249400443335002
2024-06-24 00:00:00-04:00,206.73587036132812,0.0031277083830625074,0.017216827782378433
2024-06-25 00:00:00-04:00,207.65960693359375,0.0044582441309745716,0.017091810367647862
2024-06-26 00:00:00-04:00,211.81138610839844,0.019795956459543684,0.01715758315804751
2024-06-27 00:00:00-04:00,212.65565490722656,0.003978023406312159,0.01715497904285786
2024-06-28 00:00:00-04:00,209.19912719726562,-0.016387653818111143,0.01750024908702293
2024-07-01 00:00:00-04:00,215.28778076171875,0.028689088200722287,0.018082619482656395
2024-07-02 00:00:00-04:00,218.7840576171875,0.01610955679768725,0.01818723647952751
2024-07-03 00:00:00-04:00,220.055419921875,0.005794218281205435,0.018186558861969557
2024-07-05 00:00:00-04:00,224.81309509277344,0.021389945150516586,0.0184313840365006
2024-07-08 00:00:00-04:00,226.2831268310547,0.006517620279965315,0.018267721958307212
2024-07-09 00:00:00-04:00,227.13729858398438,0.0037676854217313957,0.017540708589430305
2024-07-10 00:00:00-04:00,231.40829467773438,0.018628985525917397,0.017586763963572546
2024-07-11 00:00:00-04:00,226.0347900390625,-0.023494734091656515,0.018404788883251647
2024-07-12 00:00:00-04:00,228.9847412109375,0.01296644341660982,0.018427521012223797
2024-07-15 00:00:00-04:00,232.81871032714844,0.01660471438124268,0.01851952961889072
2024-07-16 00:00:00-04:00,233.23587036132812,0.001790177214740379,0.018539416346938085
2024-07-17 00:00:00-04:00,227.33596801757812,-0.02562130203521331,0.019443285582935114
2024-07-18 00:00:00-04:00,222.6676483154297,-0.020748665167285504,0.02001801733903594
2024-07-19 00:00:00-04:00,222.79676818847656,0.0005797090491593223,0.02002366057284979
2024-07-22 00:00:00-04:00,222.4491424560547,-0.0015615002619689664,0.019937740430325205
2024-07-23 00:00:00-04:00,223.49205017089844,0.004677341467616412,0.01988589429378618
2024-07-24 00:00:00-04:00,217.06570434570312,-0.02917575100228264,0.02036716815043213
2024-07-25 00:00:00-04:00,216.0227813720703,-0.004816221275763409,0.016151475546664497
2024-07-26 00:00:00-04:00,216.48960876464844,0.002158678384732546,0.015355375542282952
2024-07-29 00:00:00-04:00,216.7677459716797,0.0012839354817618192,0.01532999769073212
2024-07-30 00:00:00-04:00,217.32394409179688,0.0025625849893965856,0.015242199523816159
2024-07-31 00:00:00-04:00,220.58181762695312,0.014879610766840277,0.015071776816100772
2024-08-01 00:00:00-04:00,216.88694763183594,-0.016892441931746226,0.015267077515930384
2024-08-02 00:00:00-04:00,218.37680053710938,0.006845774452784277,0.01470422975700701
2024-08-05 00:00:00-04:00,207.8582305908203,-0.04936574996200614,0.01729006277045933
2024-08-06 00:00:00-04:00,205.8319854736328,-0.009796032113226391,0.017377565522725832
2024-08-07 00:00:00-04:00,208.404541015625,0.012420868037701613,0.017510615811765922
2024-08-08 00:00:00-04:00,211.8709716796875,0.016496365688684938,0.017392728651742108
2024-08-09 00:00:00-04:00,214.78123474121094,0.013642532045750016,0.017557494371274854
2024-08-12 00:00:00-04:00,216.31260681152344,0.007104617900367355,0.017308210346392287
2024-08-13 00:00:00-04:00,220.0316925048828,0.01704697763869866,0.016791439279215933
2024-08-14 00:00:00-04:00,220.47914123535156,0.0020315000226186304,0.016541566915561544
2024-08-15 00:00:00-04:00,223.46237182617188,0.013439948319948167,0.01668806758436796
2024-08-16 00:00:00-04:00,224.78492736816406,0.005901025537528704,0.01625382314906622
2024-08-19 00:00:00-04:00,224.6258087158203,-0.0007081213073779699,0.016207318021011136
2024-08-20 00:00:00-04:00,225.24234008789062,0.002740944250879808,0.016199634492505378
2024-08-21 00:00:00-04:00,225.13296508789062,-0.00048570603624693024,0.015801307689229636
2024-08-22 00:00:00-04:00,223.2734375,-0.008293986155952792,0.015287705691948457
2024-08-23 00:00:00-04:00,225.57049560546875,0.01023553173160881,0.01521326035900113
2024-08-26 00:00:00-04:00,225.90859985351562,0.001497762862791055,0.01487377360930657
2024-08-27 00:00:00-04:00,226.75384521484375,0.0037345547567109267,0.014890597355001525
2024-08-28 00:00:00-04:00,225.22247314453125,-0.006776363574988951,0.014194713644372262
2024-08-29 00:00:00-04:00,228.50399780273438,0.014465022810559253,0.013899305765542363
2024-08-30 00:00:00-04:00,227.71841430664062,-0.0034438653239036916,0.013921522743668677
2024-09-03 00:00:00-04:00,221.52328491210938,-0.02758213299494552,0.014848806806587867
2024-09-04 00:00:00-04:00,219.61404418945312,-0.00865604662245456,0.014899133394130043
2024-09-05 00:00:00-04:00,221.13546752929688,0.006903827876529419,0.01393666857225352
2024-09-06 00:00:00-04:00,219.58419799804688,-0.007039740039126083,0.01397243821845163
2024-09-09 00:00:00-04:00,219.67369079589844,0.00040747270053818923,0.013969122123653288
2024-09-10 00:00:00-04:00,218.878173828125,-0.003627930488891209,0.01398822792281147
2024-09-11 00:00:00-04:00,221.41392517089844,0.011518623137478859,0.014132499052249635
2024-09-12 00:00:00-04:00,221.52328491210938,0.0004937934359253677,0.013873719139080852
2024-09-13 00:00:00-04:00,221.25477600097656,-0.0012128376166301504,0.013500181085019594
2024-09-16 00:00:00-04:00,215.10939025878906,-0.02816817946185219,0.0144289574960921
2024-09-17 00:00:00-04:00,215.57672119140625,0.0021701703565825425,0.011093093525591721
2024-09-18 00:00:00-04:00,219.45492553710938,0.017829999804818343,0.011292354671061124
2024-09-19 00:00:00-04:00,227.58914184570312,0.03639513313389034,0.01279377703969436
2024-09-20 00:00:00-04:00,226.9228973388672,-0.002931693449613191,0.0125734820994502
2024-09-23 00:00:00-04:00,225.2025909423828,-0.007609899211872407,0.012510214368525003
2024-09-24 00:00:00-04:00,226.0975341796875,0.003966072068619244,0.012475490358164596
2024-09-25 00:00:00-04:00,225.10311889648438,-0.004407869919914406,0.012163064883271844
2024-09-26 00:00:00-04:00,226.24668884277344,0.00506734410307078,0.012186618143482526
2024-09-27 00:00:00-04:00,226.51516723632812,0.0011859586730541287,0.011953589375036055
2024-09-30 00:00:00-04:00,231.69601440429688,0.022614323558264145,0.012588878991610571
2024-10-01 00:00:00-04:00,224.94403076171875,-0.029574610664865695,0.013772251824830753
2024-10-02 00:00:00-04:00,225.51083374023438,0.0025165818923112773,0.013770799435238562
2024-10-03 00:00:00-04:00,224.40704345703125,-0.00490663987200531,0.013800239160017293
2024-10-04 00:00:00-04:00,225.53073120117188,0.004994868818058226,0.013741561268693973
2024-10-07 00:00:00-04:00,220.4493408203125,-0.022788508284297005,0.014235008087997372
2024-10-08 00:00:00-04:00,224.5065155029297,0.01823680740153975,0.014648824198994817
2024-10-09 00:00:00-04:00,228.25538635253906,0.016560388628420426,0.014951868764818783
2024-10-10 00:00:00-04:00,227.7581787109375,-0.0021806712638665782,0.01490117224253891
2024-10-11 00:00:00-04:00,226.27655029296875,-0.006526521354163607,0.014708244557428418
2024-10-14 00:00:00-04:00,230.00555419921875,0.016345532267550072,0.015004398201186184
2024-10-15 00:00:00-04:00,232.54127502441406,0.010964278934211449,0.014158048295689642
2024-10-16 00:00:00-04:00,230.48284912109375,-0.008891283873501521,0.014163998539495704
2024-10-17 00:00:00-04:00,230.85076904296875,0.0015950279164206724,0.01412869987582719
2024-10-18 00:00:00-04:00,233.68482971191406,0.012201845623413948,0.014167491181232398
2024-10-21 00:00:00-04:00,235.1565399169922,0.006278093761771049,0.014184204170153616
2024-10-22 00:00:00-04:00,234.5400390625,-0.0026251041038707953,0.014171000232756184
2024-10-23 00:00:00-04:00,229.46856689453125,-0.021860258884588434,0.014722190628007639
2024-10-24 00:00:00-04:00,229.27964782714844,-0.000823628613692111,0.01472630648263589
2024-10-25 00:00:00-04:00,230.1149444580078,0.0036365145145379352,0.014726123193528642
2024-10-28 00:00:00-04:00,232.0937957763672,0.008562639503199514,0.013680663862831392
2024-10-29 00:00:00-04:00,232.36228942871094,0.0011561639121748127,0.013682844074943941
2024-10-30 00:00:00-04:00,228.81227111816406,-0.015395855437022713,0.013743711116734185
2024-10-31 00:00:00-04:00,224.6457061767578,-0.018377368634219182,0.012516730627518007
2024-11-01 00:00:00-04:00,221.66250610351562,-0.01336853958893866,0.012731744873213623
2024-11-04 00:00:00-05:00,220.76754760742188,-0.004045655168585085,0.012682364791046372
2024-11-05 00:00:00-05:00,222.19947814941406,0.006465201455092152,0.012721965387032979
2024-11-06 00:00:00-05:00,221.47357177734375,-0.0032722610486342553,0.012711867527301822
2024-11-07 00:00:00-05:00,226.20692443847656,0.021146907639859214,0.013282703643420206
2024-11-08 00:00:00-05:00,225.93814086914062,-0.0011889263938535733,0.013282432632386312
2024-11-11 00:00:00-05:00,223.22042846679688,-0.012101497129812329,0.012737712042246494
2024-11-12 00:00:00-05:00,223.22042846679688,0.0,0.011559282268257483
2024-11-13 00:00:00-05:00,224.1063995361328,0.00396118530056067,0.011574231503418707
2024-11-14 00:00:00-05:00,227.1924591064453,0.01367655873516164,0.011809002688013532
2024-11-15 00:00:00-05:00,223.98696899414062,-0.014209619714001741,0.012069608898148218
2024-11-18 00:00:00-05:00,226.9933624267578,0.013332900613576431,0.01153119709797461
2024-11-19 00:00:00-05:00,227.252197265625,0.0011396253033529038,0.011061588184726674
2024-11-20 00:00:00-05:00,227.9689483642578,0.0031490263482299038,0.010649503703667637
2024-11-21 00:00:00-05:00,227.49111938476562,-0.002098226336984241,0.01064894336122656
2024-11-22 00:00:00-05:00,228.8350372314453,0.005890180576800343,0.010629384501808652
2024-11-25 00:00:00-05:00,231.82151794433594,0.012966373848445626,0.010471032832191248
2024-11-26 00:00:00-05:00,234.00167846679688,0.009360531884025924,0.010418472591118078
2024-11-27 00:00:00-05:00,233.8722381591797,-0.0005533127892789751,0.01027760601532303
2024-11-29 00:00:00-05:00,236.26144409179688,0.010164030323116146,0.010427454692828644
2024-12-02 00:00:00-05:00,238.51124572753906,0.009477455313375984,0.010335943424464419
2024-12-03 00:00:00-05:00,241.5574951171875,0.012691058662458513,0.01052035405184307
2024-12-04 00:00:00-05:00,241.91587829589844,0.0014825356020008455,0.010499667651816237
2024-12-05 00:00:00-05:00,241.9457244873047,0.00012336664563769673,0.009573135712194977
2024-12-06 00:00:00-05:00,241.7466278076172,-0.0008232368776854043,0.009573132059910422
2024-12-09 00:00:00-05:00,245.63902282714844,0.015972886237727617,0.009915142209774824
2024-12-10 00:00:00-05:00,246.65444946289062,0.004125295714639135,0.009849464860649382
2024-12-11 00:00:00-05:00,245.38021850585938,-0.005179447256857777,0.009936347153401338
2024-12-12 00:00:00-05:00,246.8435821533203,0.0059459455509652,0.00941162260396978
2024-12-13 00:00:00-05:00,247.0128173828125,0.0006853621266246203,0.00855612711543649
2024-12-16 00:00:00-05:00,249.9097137451172,0.011659480094418573,0.00809637519669142
2024-12-17 00:00:00-05:00,252.33872985839844,0.009672643419496375,0.008013377121297143
2024-12-18 00:00:00-05:00,246.9331817626953,-0.02165457018195129,0.009309887354861547
2024-12-19 00:00:00-05:00,248.66534423828125,0.006990212593200643,0.009240059964671267
2024-12-20 00:00:00-05:00,253.3441925048828,0.01864101539954275,0.009088483143861395
2024-12-23 00:00:00-05:00,254.1206817626953,0.0030602703879150494,0.009041417789442915
2024-12-24 00:00:00-05:00,257.0375061035156,0.011412733160908788,0.00861388884050361
2024-12-26 00:00:00-05:00,257.853759765625,0.003170589209833,0.00857356441594561
2024-12-27 00:00:00-05:00,254.439208984375,-0.013330658646657596,0.009191436921793484
2024-12-30 00:00:00-05:00,251.0644989013672,-0.013352069100674055,0.009551325745495273
2024-12-31 00:00:00-05:00,249.29251098632812,-0.007082923944619371,0.009181500765080283
2025-01-02 00:00:00-05:00,242.75209045410156,-0.02658623122538993,0.01051354256698836
2025-01-03 00:00:00-05:00,242.26431274414062,-0.002011387125028245,0.010540592193210505
2025-01-06 00:00:00-05:00,243.89691162109375,0.006716311100840663,0.01057253058760781
2025-01-07 00:00:00-05:00,241.11949157714844,-0.011453016374070688,0.010839812933428832
2025-01-08 00:00:00-05:00,241.60728454589844,0.0020209905847620234,0.01081417270712461
2025-01-10 00:00:00-05:00,235.78363037109375,-0.024399052845049393,0.011607644164022015
2025-01-13 00:00:00-05:00,233.3446502685547,-0.010398017677105166,0.011651836492519265
2025-01-14 00:00:00-05:00,232.22967529296875,-0.0047896846794596645,0.011683227155487997
2025-01-15 00:00:00-05:00,236.79901123046875,0.01948486578348478,0.01208628786537588
2025-01-16 00:00:00-05:00,227.23228454589844,-0.04123895322887482,0.014104349043457524
2025-01-17 00:00:00-05:00,228.94451904296875,0.007506925054144697,0.013953988107449302
2025-01-21 00:00:00-05:00,221.6375732421875,-0.032436204436978575,0.015013779817413227
2025-01-22 00:00:00-05:00,222.82223510742188,0.00533080673845155,0.015080113889244469
2025-01-23 00:00:00-05:00,222.6529998779297,-0.0007597963897555634,0.015080397063475838
2025-01-24 00:00:00-05:00,221.77694702148438,-0.003942371558049726,0.014660626857782359
2025-01-27 00:00:00-05:00,228.82508850097656,0.03128577240041234,0.015925813097502347
2025-01-28 00:00:00-05:00,237.187255859375,0.035892032241055534,0.017386020333570347
2025-01-29 00:00:00-05:00,238.28231811523438,0.004606242973274919,0.017368925652689937
2025-01-30 00:00:00-05:00,236.52027893066406,-0.007422230984761187,0.017401998798177633
2025-01-31 00:00:00-05:00,234.93743896484375,-0.0067146887318452544,0.017247465498874175
2025-02-03 00:00:00-05:00,226.98341369628906,-0.03444231413657978,0.018073530646132586
2025-02-04 00:00:00-05:00,231.75184631347656,0.02079022385230215,0.01826607087424288
2025-02-05 00:00:00-05:00,231.42333984375,-0.0014184979447424899,0.01818587364515203
2025-02-06 00:00:00-05:00,232.16995239257812,0.0032209835941272038,0.017784285819230933
2025-02-07 00:00:00-05:00,226.60513305664062,-0.024260656058344453,0.018163535595034804
2025-02-10 00:00:00-05:00,226.8741912841797,0.001186639587161788,0.017962653841960295
2025-02-11 00:00:00-05:00,231.8272705078125,0.021596930272569727,0.018528121873854053
2025-02-12 00:00:00-05:00,236.06277465820312,0.01810519327212046,0.018841977972269764
2025-02-13 00:00:00-05:00,240.7069091796875,0.019482284934405184,0.01914105753783687
2025-02-14 00:00:00-05:00,243.7664337158203,0.012630479073681916,0.01927728502695258
2025-02-18 00:00:00-05:00,243.6368865966797,-0.0005315807947642526,0.01864973084012286
2025-02-19 00:00:00-05:00,244.03550720214844,0.0016347888431449042,0.01864723394500826
2025-02-20 00:00:00-05:00,244.99224853515625,0.003912835385917536,0.01862067963037534
2025-02-21 00:00:00-05:00,244.71319580078125,-0.0011396759738199111,0.018493859628717402
2025-02-24 00:00:00-05:00,246.25791931152344,0.006292543737412716,0.01852244957183869
2025-02-25 00:00:00-05:00,246.1981201171875,-0.0002428610468428315,0.017911606373747186
2025-02-26 00:00:00-05:00,239.54087829589844,-0.027412494022429096,0.018557131370410925
2025-02-27 00:00:00-05:00,236.49131774902344,-0.01281258826903328,0.018698828802466136
2025-02-28 00:00:00-05:00,241.01583862304688,0.01895115592125555,0.01868049286938514
2025-03-03 00:00:00-05:00,237.21881103515625,-0.01587968324691134,0.01724078893366612
2025-03-04 00:00:00-05:00,235.1259765625,-0.008861527523398305,0.017300862228785924
2025-03-05 00:00:00-05:00,234.93663024902344,-0.0008056217234627742,0.016123753595521286
2025-03-06 00:00:00-05:00,234.5280303955078,-0.0017407059186438627,0.016124199756475284
2025-03-07 00:00:00-05:00,238.2552947998047,0.01576765265480771,0.016318200637444904
2025-03-10 00:00:00-04:00,226.70477294921875,-0.049694154676558876,0.01885790629290736
2025-03-11 00:00:00-04:00,220.08741760253906,-0.029623791157092967,0.018733466632931937
2025-03-12 00:00:00-04:00,216.2405548095703,-0.017633352490547143,0.01758291825044296
2025-03-13 00:00:00-04:00,208.96543884277344,-0.034222593774965976,0.0184072576760096
2025-03-14 00:00:00-04:00,212.76246643066406,0.018007488453667148,0.01884252769858109
2025-03-17 00:00:00-04:00,213.27072143554688,0.0023859889815187113,0.018862711673800513
2025-03-18 00:00:00-04:00,211.96517944335938,-0.006140338063989639,0.01793238866100775
2025-03-19 00:00:00-04:00,214.50648498535156,0.011917957669839472,0.017609007008310064
2025-03-20 00:00:00-04:00,213.37039184570312,-0.005310386566807167,0.017614508739458707
2025-03-21 00:00:00-04:00,217.5261688232422,0.019289575343799853,0.018040154488335104
2025-03-24 00:00:00-04:00,219.977783203125,0.011207396092650194,0.017701658144662607
2025-03-25 00:00:00-04:00,222.9875030517578,0.013589173950517914,0.017897972280190893
2025-03-26 00:00:00-04:00,220.77503967285156,-0.009971466710199878,0.01747234494336436
2025-03-27 00:00:00-04:00,223.08714294433594,0.010418207609417592,0.01722762475088585
2025-03-28 00:00:00-04:00,217.1574249267578,-0.026939919649216035,0.017326818154932925
2025-03-31 00:00:00-04:00,221.37301635742188,0.01922658449597162,0.01757770631936767
2025-04-01 00:00:00-04:00,222.4293975830078,0.004760601508669265,0.017632006232701378
2025-04-02 00:00:00-04:00,223.12701416015625,0.0031314425236710053,0.01764778681685183
2025-04-03 00:00:00-04:00,202.49755859375,-0.09701334939472404,0.02455532044429201
2025-04-04 00:00:00-04:00,187.738037109375,-0.0756802586596973,0.02759327922739728
2025-04-07 00:00:00-04:00,180.84161376953125,-0.037425985358315234,0.027919345259101752
2025-04-08 00:00:00-04:00,171.83241271972656,-0.05110192895034945,0.0288177724407617
2025-04-09 00:00:00-04:00,198.17234802246094,0.1426174394568556,0.040165368905813494
2025-04-10 00:00:00-04:00,189.77108764648438,-0.043318552692602576,0.040717781476037884
2025-04-11 00:00:00-04:00,197.47471618652344,0.03979201289461709,0.04135455155944763
2025-04-14 00:00:00-04:00,201.82984924316406,0.021814455124894435,0.041635869269529384
2025-04-15 00:00:00-04:00,201.45114135742188,-0.0018781346301447992,0.04163528537433055
2025-04-16 00:00:00-04:00,193.6079559326172,-0.039711608640629455,0.04209856847770918
2025-04-17 00:00:00-04:00,196.3087158203125,0.013853232116374709,0.04225469263293099
2025-04-21 00:00:00-04:00,192.50172424316406,-0.019583390012688173,0.042121464089331304
2025-04-22 00:00:00-04:00,199.059326171875,0.03349779096675648,0.04195928009578547
2025-04-23 00:00:00-04:00,203.90277099609375,0.024040365702178036,0.0419878811519148
2025-04-24 00:00:00-04:00,207.65989685058594,0.018258362688585,0.04205445536071001
2025-04-25 00:00:00-04:00,208.56680297851562,0.004357757748287193,0.04160200153078857
2025-04-28 00:00:00-04:00,209.4238739013672,0.0041009150270929,0.04147097055038958
2025-04-29 00:00:00-04:00,210.49021911621094,0.0050788841088107274,0.04148040682065466
2025-04-30 00:00:00-04:00,211.7758331298828,0.006089137306304721,0.04148252151686175
2025-05-01 00:00:00-04:00,212.59304809570312,0.0038514415743526203,0.0414285152857016
2025-05-02 00:00:00-04:00,204.65020751953125,-0.038077548957887154,0.04199329629715599
2025-05-05 00:00:00-04:00,198.21221923828125,-0.03196394591314697,0.042165165713168085
2025-05-06 00:00:00-04:00,197.83349609375,-0.001912522950301794,0.04207961349351895
2025-05-07 00:00:00-04:00,195.58120727539062,-0.011450072435285468,0.04197640951261068
2025-05-08 00:00:00-04:00,196.81698608398438,0.00629861663508141,0.042006654749874334
2025-05-09 00:00:00-04:00,197.8534393310547,0.005252258912645172,0.041956795938076184
2025-05-12 00:00:00-04:00,210.34713745117188,0.061232650231334444,0.0433593374518777
2025-05-13 00:00:00-04:00,212.48263549804688,0.010101068282407802,0.043243951836899865
2025-05-14 00:00:00-04:00,211.88389587402344,-0.0028218060429067464,0.043229063083459
2025-05-15 00:00:00-04:00,211.00575256347656,-0.004153067240938037,0.04322191746397637
2025-05-16 00:00:00-04:00,210.81614685058594,-0.0008989847417762119,0.03931090883313538
2025-05-19 00:00:00-04:00,208.3413543701172,-0.01180855039295381,0.03663407459802051
2025-05-20 00:00:00-04:00,206.42539978027344,-0.009238774316743506,0.03590317326908711
2025-05-21 00:00:00-04:00,201.6654052734375,-0.023329172486255694,0.03476236660998726
2025-05-22 00:00:00-04:00,200.9369354248047,-0.0036188097782022515,0.023167681226858014
2025-05-23 00:00:00-04:00,194.85975646972656,-0.03071100249656316,0.022449351524455655
2025-05-27 00:00:00-04:00,199.78936767578125,0.024983547736617845,0.021715095244143442
2025-05-28 00:00:00-04:00,199.99891662597656,0.0010482997006843369,0.021336226425857446
2025-05-29 00:00:00-04:00,199.5299072265625,-0.0023478136587599496,0.02133759376535111
2025-05-30 00:00:00-04:00,200.4280242919922,0.004491065205679781,0.02000841354852861
2025-06-02 00:00:00-04:00,201.27622985839844,0.0042230412957919876,0.01987444980061451
2025-06-03 00:00:00-04:00,202.84292602539062,0.007753673604680153,0.019529796512352583
2025-06-04 00:00:00-04:00,202.39389038085938,-0.0022161650182514507,0.01859352431772442
2025-06-05 00:00:00-04:00,200.20849609375,-0.010856447081017082,0.018160049583107754
2025-06-06 00:00:00-04:00,203.49156188964844,0.016265235095852055,0.018092161368214257
2025-06-09 00:00:00-04:00,201.02676391601562,-0.012186486101306848,0.01818534350589708
2025-06-10 00:00:00-04:00,202.2441864013672,0.006037757903318231,0.018208335796158576
2025-06-11 00:00:00-04:00,198.36236572265625,-0.019380322949579247,0.018465007204481732
2025-06-12 00:00:00-04:00,198.78147888183594,0.002110637344438744,0.01841930012456397
2025-06-13 00:00:00-04:00,196.03726196289062,-0.013901372087019841,0.018506116304142374
2025-06-16 00:00:00-04:00,198.0031280517578,0.009978075593870499,0.017384335722451412
2025-06-17 00:00:00-04:00,195.2289581298828,-0.014109814759666576,0.0165782452590033
2025-06-18 00:00:00-04:00,196.16697692871094,0.00479320560438685,0.01660380725904427
2025-06-20 00:00:00-04:00,200.57769775390625,0.022235471994094525,0.01695774853917764
2025-06-23 00:00:00-04:00,201.07666015625,0.0024845375093719172,0.01692969391596118
2025-06-24 00:00:00-04:00,199.87918090820312,-0.0059731406092594416,0.016949964142147684
2025-06-25 00:00:00-04:00,201.13653564453125,0.006270870715325791,0.012537193018070387
2025-06-26 00:00:00-04:00,200.57769775390625,-0.0027822676154383684,0.012345562993616823
2025-06-27 00:00:00-04:00,200.65753173828125,0.0003979410558218838,0.012351464319969153
2025-06-30 00:00:00-04:00,204.7389373779297,0.020136058667707676,0.012973315317043382
2025-07-01 00:00:00-04:00,207.3833770751953,0.012833452102963735,0.013217159239426656
2025-07-02 00:00:00-04:00,211.99366760253906,0.021987260950303646,0.01365715744139092
2025-07-03 00:00:00-04:00,213.10134887695312,0.005211464441900341,0.013553372176020177
2025-07-07 00:00:00-04:00,209.50889587402344,-0.01700166800192762,0.01320549574869044
2025-07-08 00:00:00-04:00,209.5687713623047,0.00028574888794971224,0.013174837397136763
2025-07-09 00:00:00-04:00,210.69639587402344,0.005366265423001007,0.011707346160219356
2025-07-10 00:00:00-04:00,211.96372985839844,0.005996959284133512,0.010944170642728122
2025-07-11 00:00:00-04:00,210.7163543701172,-0.0059022374414882195,0.011037565002260979
2025-07-14 00:00:00-04:00,208.1816864013672,-0.012101746276944433,0.011302609477469033
2025-07-15 00:00:00-04:00,208.67066955566406,0.0023460746789217817,0.01128925547252985
2025-07-16 00:00:00-04:00,209.71847534179688,0.005008772285350937,0.011297075334252147
2025-07-17 00:00:00-04:00,209.57875061035156,-0.000666471075738564,0.011237436206332814
2025-07-18 00:00:00-04:00,210.73631286621094,0.005508083259677811,0.011247583330915276
2025-07-21 00:00:00-04:00,212.0335693359375,0.006136958169460124,0.011037787786538834
2025-07-22 00:00:00-04:00,213.94955444335938,0.008995652272855478,0.010788824823964297
2025-07-23 00:00:00-04:00,213.7000732421875,-0.0011667552749853407,0.010484058669921198
2025-07-24 00:00:00-04:00,213.31088256835938,-0.001822860871833955,0.010478870785866597
2025-07-25 00:00:00-04:00,213.43064880371094,0.0005613057539115393,0.009693638132674506
2025-07-28 00:00:00-04:00,213.6002960205078,0.0007945430080788463,0.00969815969688334
2025-07-29 00:00:00-04:00,210.8261260986328,-0.013072746112031753,0.009651207715217953
2025-07-30 00:00:00-04:00,208.6107940673828,-0.010563460319450515,0.009823942827343585
2025-07-31 00:00:00-04:00,207.1339111328125,-0.007104788725402036,0.009512549904474893
2025-08-01 00:00:00-04:00,201.95481872558594,-0.02532149508390053,0.01071734111013452
2025-08-04 00:00:00-04:00,202.9227752685547,0.0047814865603557875,0.009970831896357587
2025-08-05 00:00:00-04:00,202.49366760253906,-0.002116874309380778,0.009972851703019318
2025-08-06 00:00:00-04:00,212.80197143554688,0.04965340673029391,0.013371188689455442
2025-08-07 00:00:00-04:00,219.56771850585938,0.03129867580081725,0.01438359277139055
2025-08-08 00:00:00-04:00,228.86814880371094,0.0414853708290865,0.01596220665631457
2025-08-11 00:00:00-04:00,226.95997619628906,-0.008372382699321376,0.01611755308706853
2025-08-12 00:00:00-04:00,229.42758178710938,0.010813746316393955,0.015886038699591674
2025-08-13 00:00:00-04:00,233.10403442382812,0.015897421651124705,0.015955846673456033
2025-08-14 00:00:00-04:00,232.5545654296875,-0.002359966075287742,0.015619642826047848
2025-08-15 00:00:00-04:00,231.36570739746094,-0.005125279942778476,0.015685004909824142
2025-08-18 00:00:00-04:00,230.66639709472656,-0.003027109285002345,0.015280761972058715
2025-08-19 00:00:00-04:00,230.3367156982422,-0.0014302786403733944,0.015295278706022335
2025-08-20 00:00:00-04:00,225.79110717773438,-0.01993195232786829,0.01585596365922475
2025-08-21 00:00:00-04:00,224.68218994140625,-0.004923352764199667,0.015893622610974562
2025-08-22 00:00:00-04:00,227.53941345214844,0.012636554777213866,0.015938438307859067
2025-08-25 00:00:00-04:00,226.94000244140625,-0.0026377932083888694,0.015730531167328428
2025-08-26 00:00:00-04:00,229.08792114257812,0.009420188869658648,0.015775273972355473
2025-08-27 00:00:00-04:00,230.26678466796875,0.005132705068832231,0.015775804131940074
2025-08-28 00:00:00-04:00,232.33477783203125,0.008940769368325639,0.015793880179157508
2025-08-29 00:00:00-04:00,231.91517639160156,-0.00180765361792773,0.015817244131458512
2025-09-02 00:00:00-04:00,229.49752807617188,-0.010479427277002538,0.01600043887975214
2025-09-03 00:00:00-04:00,238.2390594482422,0.037382362478189754,0.017184880696730197
2025-09-04 00:00:00-04:00,239.5477752685547,0.0054782551474289055,0.017164341450286152
2025-09-05 00:00:00-04:00,239.45787048339844,-0.00037538090420976503,0.017150001505515284
2025-09-08 00:00:00-04:00,237.64962768554688,-0.007580058845623845,0.01726791342582722
2025-09-09 00:00:00-04:00,234.123046875,-0.014950617910709828,0.017591823415459222
2025-09-10 00:00:00-04:00,226.5703582763672,-0.032791289244217724,0.018557186153722253
2025-09-11 00:00:00-04:00,229.80722045898438,0.014185256289725688,0.01851103489268683
2025-09-12 00:00:00-04:00,233.84332275390625,0.017410544677714683,0.01858025669379867
2025-09-15 00:00:00-04:00,236.47076416015625,0.011173251296468912,0.017768369539445657
2025-09-16 00:00:00-04:00,237.9193572998047,0.006107199861764178,0.0177687886297721
2025-09-17 00:00:00-04:00,238.75856018066406,0.003521051498746078,0.017717340788230024
2025-09-18 00:00:00-04:00,237.64962768554688,-0.004655396469492138,0.015710295958197357
2025-09-19 00:00:00-04:00,245.26223754882812,0.03153055905443974,0.015724402977082195
2025-09-22 00:00:00-04:00,255.8319854736328,0.04219292680949939,0.015783468864052352
2025-09-23 00:00:00-04:00,254.18359375,-0.006464106315850793,0.01573686244959375
2025-09-24 00:00:00-04:00,252.06564331054688,-0.00836727303900431,0.015830444093730977
2025-09-25 00:00:00-04:00,256.6212158203125,0.0179115863617917,0.015890586801576373
2025-09-26 00:00:00-04:00,255.2126007080078,-0.005504203212560821,0.01593884485190424
2025-09-29 00:00:00-04:00,254.18359375,-0.004040110110226674,0.015920757642223938
2025-09-30 00:00:00-04:00,254.38340759277344,0.0007857916558778501,0.01588504603960463
2025-10-01 00:00:00-04:00,255.20260620117188,0.0032151561931075237,0.015860347641454234
2025-10-02 00:00:00-04:00,256.8809814453125,0.006555106605745169,0.015240878633281867
2025-10-03 00:00:00-04:00,257.7701110839844,0.003455274986035184,0.015142482927710964
2025-10-06 00:00:00-04:00,256.44140625,-0.005167942554398963,0.01516469839761877
2025-10-07 00:00:00-04:00,256.23162841796875,-0.0008183689390839821,0.01514091468150531
2025-10-08 00:00:00-04:00,257.8100891113281,0.006141391255695327,0.015112595299956028
2025-10-09 00:00:00-04:00,253.79396057128906,-0.015700466177770545,0.01552869289354976
2025-10-10 00:00:00-04:00,245.032470703125,-0.0351320237366643,0.01698730007069976
2025-10-13 00:00:00-04:00,247.42015075683594,0.009697171504895576,0.017033461507667488
2025-10-14 00:00:00-04:00,247.53004455566406,0.0004440600354328066,0.016869988079833576
2025-10-15 00:00:00-04:00,249.09852600097656,0.0063165381668474005,0.015558832223256436
2025-10-16 00:00:00-04:00,247.21035766601562,-0.007608880303073058,0.015626353570098766
2025-10-17 00:00:00-04:00,252.045654296875,0.019370614298066767,0.015976209340625207
2025-10-20 00:00:00-04:00,261.98602294921875,0.03868091586874815,0.017232040731667567
2025-10-21 00:00:00-04:00,262.5155029296875,0.0020189842515379616,0.01688910555414836
2025-10-22 00:00:00-04:00,258.19970703125,-0.01657679531385159,0.015908186518064853
2025-10-23 00:00:00-04:00,259.3285827636719,0.004362573196799657,0.01579961775316847
2025-10-24 00:00:00-04:00,262.56549072265625,0.012404622431380775,0.015679389893720388
2025-10-27 00:00:00-04:00,268.5496520996094,0.022535281491603727,0.01599611675354878
2025-10-28 00:00:00-04:00,268.7394714355469,0.0007065817472201407,0.016004769997942755
2025-10-29 00:00:00-04:00,269.4388122558594,0.0025989202282576647,0.01600672683515126
2025-10-30 00:00:00-04:00,271.13714599609375,0.006283443804923906,0.01592645326951505
2025-10-31 00:00:00-04:00,270.108154296875,-0.003802316392924,0.015137411743031274
2025-11-03 00:00:00-05:00,268.7894287109375,-0.0048941700975957455,0.013284433092853444
2025-11-04 00:00:00-05:00,269.7784729003906,0.0036728713253906245,0.013199659521026681
2025-11-05 00:00:00-05:00,269.8783874511719,0.00037028919398077734,0.01305901133320564
2025-11-06 00:00:00-05:00,269.50872802734375,-0.0013706648568130519,0.012733381419962274
2025-11-07 00:00:00-05:00,268.2099914550781,-0.004830551924742772,0.012720948434186339
2025-11-10 00:00:00-05:00,269.42999267578125,0.004538365265673548,0.012684862723345586
2025-11-11 00:00:00-05:00,275.25,0.02137118643594642,0.01316776236106532
2025-11-12 00:00:00-05:00,273.4700012207031,-0.006487844507194079,0.013271596277703576
2025-11-13 00:00:00-05:00,272.95001220703125,-0.0019032581452385258,0.013268026215132706
2025-11-14 00:00:00-05:00,272.4100036621094,-0.0019803751859178826,0.01328488984770823
2025-11-17 00:00:00-05:00,267.4599914550781,-0.01833830726819936,0.013734510748604033
2025-11-18 00:00:00-05:00,267.44000244140625,-7.473925559643532e-05,0.013731035300322783
2025-11-19 00:00:00-05:00,268.55999755859375,0.004179092340407183,0.013712465009713142
2025-11-20 00:00:00-05:00,266.25,-0.008638626557415352,0.013467900335762588
2025-11-21 00:00:00-05:00,271.489990234375,0.019489553289023798,0.011936335132260043
2025-11-24 00:00:00-05:00,275.9200134277344,0.016185746981243,0.01211154072092813
2025-11-25 00:00:00-05:00,276.9700012207031,0.003798184186466807,0.012096549350340968
2025-11-26 00:00:00-05:00,277.54998779296875,0.002091851674423675,0.012090180552856128
2025-11-28 00:00:00-05:00,278.8500061035156,0.004672971568938359,0.011903868893076335
2025-12-01 00:00:00-05:00,283.1000061035156,0.015126188953698135,0.011739146791695142
2025-12-02 00:00:00-05:00,286.19000244140625,0.010855720764224917,0.009839713235871397
2025-12-03 00:00:00-05:00,284.1499938964844,-0.007153688178430315,0.010010527525309051
2025-12-04 00:00:00-05:00,280.70001220703125,-0.012215719407566574,0.009750127646087958
2025-12-05 00:00:00-05:00,278.7799987792969,-0.006863590932648934,0.009901746178922794
2025-12-08 00:00:00-05:00,277.8900146484375,-0.00319753127588418,0.00976757220643083
2025-12-09 00:00:00-05:00,277.17999267578125,-0.002558316430519311,0.008981533514712408
2025-12-10 00:00:00-05:00,278.7799987792969,0.005755847706403448,0.009022010303163604
2025-12-11 00:00:00-05:00,278.0299987792969,-0.002693918776111477,0.009045889480712692
2025-12-12 00:00:00-05:00,278.2799987792969,0.0008987795219441775,0.008991648442668263
2025-12-15 00:00:00-05:00,274.1099853515625,-0.015098364430199547,0.009420217161998413
2025-12-16 00:00:00-05:00,274.6099853515625,0.0018224236954371396,0.00936750331900374
2025-12-17 00:00:00-05:00,271.8399963378906,-0.010138211482018081,0.00955458745409222
2025-12-18 00:00:00-05:00,272.19000244140625,0.0012867163670800797,0.009556437702074391
2025-12-19 00:00:00-05:00,273.6700134277344,0.005422689224387653,0.009596273332661952
2025-12-22 00:00:00-05:00,270.9700012207031,-0.009914931893719238,0.009737713668540936
2025-12-23 00:00:00-05:00,272.3599853515625,0.005116548681590436,0.009746874830303677
2025-12-24 00:00:00-05:00,273.80999755859375,0.005309759449072081,0.008962554086882879
2025-12-26 00:00:00-05:00,273.3999938964844,-0.0014985243151121033,0.00888734529187901
2025-12-29 00:00:00-05:00,273.760009765625,0.0013159438507369832,0.008883112815852558
2025-12-30 00:00:00-05:00,273.0799865722656,-0.0024871024374482713,0.008887683148338101
2025-12-31 00:00:00-05:00,271.8599853515625,-0.004477569353830084,0.008233274950752871
2026-01-02 00:00:00-05:00,271.010009765625,-0.0031314174227282093,0.0082600649457676
2026-01-05 00:00:00-05:00,267.260009765625,-0.013933752709382118,0.008631123898627337
2026-01-06 00:00:00-05:00,262.3599853515625,-0.01850445330052291,0.009138296909755475
2026-01-07 00:00:00-05:00,260.3299865722656,-0.007767545179558986,0.0084092062945292
2026-01-08 00:00:00-05:00,259.0400085449219,-0.0049674824964186315,0.007744443563176878
2026-01-09 00:00:00-05:00,259.3699951171875,0.0012730719488525312,0.007691622500672993
2026-01-12 00:00:00-05:00,260.25,0.003387112630019483,0.007720060402996787
2026-01-13 00:00:00-05:00,261.04998779296875,0.0030692056002053552,0.007676648923329429
2026-01-14 00:00:00-05:00,259.9599914550781,-0.004184172939277149,0.006948967790692718
2026-01-15 00:00:00-05:00,258.2099914550781,-0.006754565919430446,0.0064799026561009315
2026-01-16 00:00:00-05:00,255.52999877929688,-0.010433359433029877,0.006571913677579613
2026-01-20 00:00:00-05:00,246.6999969482422,-0.0351668036385547,0.008630333647211785
2026-01-21 00:00:00-05:00,247.64999389648438,0.0038434232235225268,0.008741498608073488
2026-01-22 00:00:00-05:00,248.35000610351562,0.0028226317411110297,0.008827966664054726
2026-01-23 00:00:00-05:00,248.0399932861328,-0.0012490697156275657,0.008837272850306535
